user	correlation
M04	0.135670218131284
M04	0.3464328878080602
M04	0.18512367803906227
M04	0.14488089265312704
M04	0.16348065642017245
M04	0.14795556862440226
M04	0.1968332582667413
M04	0.23886915034757536
M04	0.2547286217358025
M04	0.23352772351113202
M04	0.26564333834243076
M04	0.26332565891065374
M04	0.29135166831871717
M04	0.19819628022471306
M04	0.14800943786203086
M04	0.17648267561883918
M04	0.3577236224622553
M04	0.20456668216129492
M04	0.2625788587567465
M04	0.3292651640237493
M04	0.24519748629153365
M04	0.09275522635502884
M04	0.18063464518710656
M04	0.18053822086842722
M04	0.3019478955536523
M04	0.11684677795273832
M04	0.1907259058328482
M04	0.034242511229871125
M04	0.17341487110474127
M04	0.13954156496003547
M04	0.24379319191285456
M04	0.2711207658738839
M04	0.25089922111988167
M04	0.08528058219405778
M04	0.2591901011560665
M04	0.29082997287114987
M04	0.1282208441019948
M04	0.19939895225596593
M04	0.271372333669491
M04	0.3250821123610187
M04	0.20226954889124346
M04	0.22706169902216486
M04	0.6276071515299795
M04	0.2497746219709422
M04	0.27150658720899645
M04	0.2727291770568692
M04	0.17221804874977234
M04	0.21761818209586145
M04	0.14547587510427176
M04	0.23432074675996428
M04	0.16755449679343726
M04	0.219594290934575
M04	0.21716405329013633
M04	0.13946639611258618
M04	0.2982255993143712
M04	0.28341776143668096
M04	0.14983621983056783
M04	0.23694565921341593
M04	0.31662054672946816
M04	0.08991790907022856
M04	0.24997655377608166
M04	0.18484404582438585
M04	0.22709210141879146
M04	0.30777897401337795
M04	0.1625647058762863
M04	0.31098346392305193
M04	0.2863231133663809
M04	0.25625519127780727
M04	0.15583720057650705
M04	0.3971099889222859
M04	0.27453244472410887
M04	0.28354835809275414
M04	0.22734860625492523
M04	0.18348033921581106
M04	0.36244024316182827
M04	0.5013168185849258
M04	0.24272266744700632
M04	0.20406374516724246
M04	0.2160353097751184
M04	0.28695625759502685
M04	0.129782245393772
M04	0.1020303045186459
M04	0.19660306436554484
M04	0.22838725489955775
M04	0.1511981453613788
M04	0.3602353176973712
M04	0.2658063749319107
M04	0.24932794839985756
M04	0.28330563027995836
M04	0.2495992845423069
M04	0.27634933906571535
M04	0.2449708233664205
M04	0.22720401990306593
M04	0.2746549262642502
M04	0.20098230805087738
M04	0.15388108117064853
M04	0.2720668813067615
M04	0.32182239812628394
M04	0.11376102356263645
M04	0.3388393860592659
M04	0.18202951919623467
M04	0.23965624019747078
M04	0.22258174881844156
M04	0.27198228372575795
M04	0.3767824338346932
M04	0.2744070012539679
M04	0.12543972083849858
M04	0.28872979307841246
M04	0.2218535189919836
M04	0.38629546045356894
M04	0.1784687217009878
M04	0.3049162060532967
M04	0.16965938591815946
M04	0.21521324819272825
M04	0.20403383108848824
M04	0.38708131656765143
M04	0.28598517674931395
M04	0.1705852074058338
M04	0.07174038486084806
M04	0.2613931397128177
M04	0.3322197196542995
M04	0.15662644305559506
M04	0.43016185387395384
M04	0.16583088719253652
M04	0.05140993102396625
M04	0.10226023255601394
M04	0.27153645713608776
M04	0.14291630790338258
M04	0.2579957883647804
M04	0.3048882771003597
M04	0.3543499237324681
M04	0.15942379240218105
M04	0.4201880628136159
M04	0.14195803677753713
M04	0.3145510804621095
M04	0.24653691515039525
M04	0.16184860511393628
M04	0.31425831912066393
M04	0.36238261140944444
M04	0.2629346618766394
M04	0.23409211752788092
M04	0.3557606698067696
M04	0.31134307411810885
M04	0.1817714431981009
M04	0.20511676085823505
M04	0.09943738261085269
M04	0.4029874228221512
M04	0.245236602500065
M04	0.2727072827713129
M04	0.1723426171417697
M04	0.324652985647871
M04	0.1747529133257787
M04	0.1642155020436529
M04	0.25223499673147376
M04	0.10545585652628914
M04	0.2001256785163042
M04	0.3396140170730537
M04	0.3205366867207214
M04	0.3340001129125281
M04	0.32538713243747086
M04	0.386761036327511
M04	0.19997494594745757
M04	0.18842577929110674
M04	0.2167292169562795
M04	0.1493971786186521
M04	0.1295625643777774
M04	0.15204659196477469
M04	0.22025255784972997
M04	0.21975908914226108
M04	0.20965650481516088
M04	0.17216686576081927
M04	0.2368198925154497
M04	0.2512974351831335
M04	0.2313051786056368
M04	0.29806033892765477
M04	0.3856947068733614
M04	0.2959688903905711
M04	0.19347654569220138
M04	0.24871667228579633
M04	0.15808437335477857
M15	0.14000893581240023
M15	0.22798061710474882
M15	0.20057514069768284
M15	0.10193690192793314
M15	0.25224672935547804
M15	0.2147176906792231
M15	0.28797010092094444
M15	0.3089619021883398
M15	0.18812837169483188
M15	0.19626413042049254
M15	0.24607933223403197
M15	0.14315725019195563
M15	0.25694809535532503
M15	0.2932953566538251
M15	0.2680316159661862
M15	0.09950263340379019
M15	0.34900919684650317
M15	0.2045108067155043
M15	0.27094321614265177
M15	0.2522415487853146
M15	0.1980351204147682
M15	0.11927216975246951
M15	0.238091600689232
M15	0.14919989550563417
M15	0.29520055826975594
M15	0.3755164060058906
M15	0.13242202506303424
M15	0.21065611204437326
M15	0.240501946588512
M15	0.18001301508011813
M15	0.29965186122199494
M15	0.2738344503966189
M15	0.17044144951626997
M15	0.19297034873124252
M15	0.16705549171163994
M15	0.3139766776413474
M15	0.20324144099372293
M15	0.08665139106560173
M15	0.18434278100066195
M15	0.16904576292062146
M15	0.20374638510382306
M15	0.2947011498534629
M15	0.3207155413199929
M15	0.2618459137384902
M15	0.2599935919963823
M15	0.286667288654744
M15	0.24924496732548895
M15	0.109491930302667
M15	0.1472782796186698
M15	0.33032917786490923
M15	0.23454855765319885
M15	0.13622291915130078
M15	0.2057171945778288
M15	0.28034018939160915
M15	0.2950754736340258
M15	0.2699683794598664
M15	0.22125764663832992
M15	0.28582769161326577
M15	0.3201636141812639
M15	0.3227774676288207
M15	0.2076147524538794
M15	0.2657025091646037
M15	0.19401600714002856
M15	0.15976410497405907
M15	0.17665801194221506
M15	0.09431316696270504
M15	0.1926184230268421
M15	0.20220626169632572
M15	0.25356008366767874
M15	0.3141437991699404
M15	0.25020319934910323
M15	0.29627743319103844
M15	0.2521859785650231
M15	0.3218325730147976
M15	0.21639736452185077
M15	0.3428593363395324
M15	0.19790585770338326
M15	0.2782323660308892
M15	0.23521824361269356
M15	0.2624840118985529
M15	0.25439236585082725
M15	0.18951236146508954
M15	0.07603486557418651
M15	0.18635796425374623
M15	0.09687113876190658
M15	0.1310606430254049
M15	0.22367923799093145
M15	0.21155837070057296
M15	0.17330113741992037
M15	0.21895985731123957
M15	0.29578051150079715
M15	0.21814622456962945
M15	0.2461656885313424
M15	0.28103535849869277
M15	0.12246442492162489
M15	0.24354233093665553
M15	0.2797587183235247
M15	0.2830648442999608
M15	0.23977498074335524
M15	0.12578669554150926
M15	0.2200544424654706
M15	0.14391172973046834
M15	0.05556557053821575
M15	0.25113463416675447
M15	0.27460351009001766
M15	0.16335489791402782
M15	0.24556274590480295
M15	0.22976570355182696
M15	0.16117037366066855
M15	0.3909257195507693
M15	0.26101164686585065
M15	0.2070574401823176
M15	0.20402082392728066
M15	0.1350934301077153
M15	0.23308110565842877
M15	0.24372760214185699
M15	0.3483410392747799
M15	0.13706478482012524
M15	0.1936032365246012
M15	0.24077332288228698
M15	0.1531964552733282
M15	0.21824717799021573
M15	0.3334258614395657
M15	0.13477035683969188
M15	0.11064393836164473
M15	0.2432766221931202
M15	0.0154968375917349
M15	0.15921422912577257
M15	0.37312133000165537
M15	0.2584292801895892
M15	0.14297837903554164
M15	0.10308753192190175
M15	0.28468455691766353
M15	0.12423435613088896
M15	0.2547025739639563
M15	0.31692268258289436
M15	0.29459500191354976
M15	0.45335608756198714
M15	0.3096682679261089
M15	0.169492056125129
M15	0.27485788843680625
M15	0.31800272181834294
M15	0.10572632681991366
M15	0.2613631399305785
M15	0.19896771804072552
M15	0.3006786064451267
M15	0.3789245905548421
M15	0.2980394703837066
M15	0.1803541752605582
M15	0.23622863818388165
M15	0.24322358397611402
M15	0.13375153621993818
M15	0.2679934999720195
M15	0.10340116370819406
M15	0.2522218726129159
M15	0.13763330639088878
M15	0.14839828233070984
M15	0.11836795358153283
M15	0.17548229268143747
M15	0.3110402711185113
M15	0.29740507258170895
M15	0.07514742178268273
M15	0.11955837012490773
M15	0.14654366019311418
M15	0.22125398585197212
M15	0.326982050081225
M15	0.3031680600841215
M15	0.16687680858001847
M15	0.20881894021854516
M15	0.16758388674832791
M15	0.21020083184010785
M15	0.2931382696382235
M15	0.3260846558790206
M15	0.1345119016105765
M15	0.37307440352039595
M15	0.3617594776096081
M15	0.19538433428343052
M15	0.24926953361657428
M15	0.25155713584971606
M15	0.33872135694451194
M14	0.22861532810685567
M14	0.2722624581278529
M14	0.3285846693954845
M14	0.16922433312163657
M14	0.18440244369820605
M14	0.21098480432713848
M14	0.296444309924022
M14	0.21623718318805843
M14	0.21749060295499845
M14	0.2577566901518912
M14	0.13624531256487743
M14	0.1828199905313145
M14	0.22405535547853797
M14	0.21542506152976956
M14	0.19620646907387607
M14	0.3068679036256922
M14	0.1758520023158712
M14	0.29660950046056733
M14	0.23303381384246116
M14	0.3397246197490067
M14	0.19298936339893463
M14	0.22028932590502295
M14	0.11211810711005452
M14	0.34530386087551146
M14	0.26390456073212104
M14	0.11628811659705383
M14	0.2394923188895032
M14	0.1351102688616944
M14	0.3641743976589187
M14	0.15200694935926226
M14	0.19890838147032633
M14	0.13620609616597765
M14	0.2663909825371705
M14	0.24056664033452205
M14	0.20879541893904843
M14	0.4303502761053381
M14	0.25397761121621515
M14	0.22515432232885413
M14	0.13201622420864514
M14	0.14035569055118305
M14	0.3208573349437924
M14	0.18859908940389916
M14	0.45031591235750396
M14	0.1528337453770709
M14	0.25364360946731773
M14	0.2126292410592586
M14	0.1951556392643638
M14	0.12270273390716832
M14	0.2518992248410426
M14	0.13936838605554852
M14	0.14483128050507427
M14	0.30630052355183923
M14	0.10410508218225369
M14	0.24201664874527432
M14	0.2599333468543411
M14	0.3725173110182415
M14	0.10667010613212503
M14	0.27702253313804204
M14	0.4262963459469416
M14	0.1420566202172255
M14	0.2851769123796433
M14	0.17626599250515232
M14	0.33022737171483124
M14	0.2970043120854249
M14	0.20038311055087074
M14	0.24732671818506627
M14	0.2990906874061436
M14	0.19839591942057305
M14	0.19303790619510727
M14	0.45015479761448407
M14	0.3472953190250204
M14	0.29272008522009596
M14	0.2218649645677107
M14	0.2922750257193007
M14	0.08097592020461616
M14	0.24794751846038293
M14	0.1813780319825307
M14	0.28119929790930037
M14	0.16899200077616378
M14	0.19217684041291389
M14	0.1126577250929207
M14	0.10729555501452534
M14	0.24096611540443277
M14	0.18573642812039326
M14	0.08432574451153046
M14	0.26101439013095973
M14	0.29879259115960116
M14	0.21397286786182892
M14	0.3551628892445771
M14	0.2582322615766861
M14	0.28971376862522424
M14	0.30615770105211204
M14	0.21973657893602835
M14	0.290740167836925
M14	0.3890014016141649
M14	0.28484401707211243
M14	0.3471759269589585
M14	0.3208442073932044
M14	0.19134928205609952
M14	0.2625166682325221
M14	0.27252953067698504
M14	0.1741005781351669
M14	0.053921646273366805
M14	0.1686972534675153
M14	0.3827595771809001
M14	0.2124698776721943
M14	0.28334649378793886
M14	0.11576221340796616
M14	0.1409543364236961
M14	0.19276796095278087
M14	0.22093076782762597
M14	0.1432965948178294
M14	0.27324449378931776
M14	0.15050834685129227
M14	0.1438998208690566
M14	0.2821296048302575
M14	0.3278260945607741
M14	0.19365003358523897
M14	0.2117304130400752
M14	0.16868116960328905
M14	0.29358633071472523
M14	0.3144357682630307
M14	0.4378797766414956
M14	0.2663730227048559
M14	0.13463168139372733
M14	0.21809845139398054
M14	0.2134358586879705
M14	0.19003113756745438
M14	0.32504394512852874
M14	0.1712685395874499
M14	0.21597788087585715
M14	0.07068449888782635
M14	0.268841624313665
M14	0.14432279656337135
M14	0.28200885261313186
M14	0.3796642883321656
M14	0.17251949975486258
M14	0.40537860334629616
M14	0.2905885119232623
M14	0.1588914606035277
M14	0.26849003386363035
M14	0.27244072815807935
M14	0.24079021458060906
M14	0.3084957376027031
M14	0.24849856697075212
M14	0.23066034959003293
M14	0.367305496963717
M14	0.2609954826442341
M14	0.22665977070233848
M14	0.28834862414511125
M14	0.21406207390754106
M14	0.25906944724922276
M14	0.2337348030388199
M14	0.07875627032588667
M14	0.2732978380310512
M14	0.3307981965884347
M14	0.34013379470857763
M14	0.16184465461806144
M14	0.22640939883673034
M14	0.17250421698919685
M14	0.4213885960794561
M14	0.23619269144626504
M14	0.17909886387123136
M14	0.2276282136713657
M14	0.15932653296979898
M14	0.3006703004683501
M14	0.2379295575898769
M14	0.14893651249424195
M14	0.21412311395998426
M14	0.2135267982512666
M14	0.17702304555800588
M14	0.1446357998124836
M14	0.20046716309099702
M14	0.1843571543955998
M14	0.33838168862352874
M14	0.30465413043968886
M14	0.1047954947485384
M14	0.33099850998979247
M14	0.28055142554775403
M14	0.19926540368608475
M17	0.2412121989703843
M17	0.3300580016119112
M17	0.16116649460530588
M17	0.10625495312233636
M17	0.3660191413930462
M17	0.22623297830409392
M17	0.25346553276247374
M17	0.16530029574582872
M17	0.12581525140349
M17	0.19099405185277005
M17	0.16989292852978066
M17	0.16473629217410185
M17	0.16491102011438266
M17	0.20581105226782284
M17	0.15599856699023923
M17	0.23330341376866431
M17	0.37955955358389876
M17	0.1331814072346433
M17	0.4217612293776826
M17	0.14685378711161756
M17	0.09639667291589807
M17	0.30046850384739615
M17	0.10924629802371008
M17	0.3426079302458706
M17	0.22240921153328536
M17	0.345979147491763
M17	0.14063019732621465
M17	0.25410897666839877
M17	0.27708423514231456
M17	0.20110731738502022
M17	0.20394434094589342
M17	0.20440693480507108
M17	0.14314423733186665
M17	0.25719087341636165
M17	0.276125928031777
M17	0.356054761645219
M17	0.15146236159783982
M17	0.1465176201041315
M17	0.34811754628302316
M17	0.2792601333986265
M17	0.2081266904220452
M17	0.34085734763489267
M17	0.5370371617610774
M17	0.2814590093740332
M17	0.1838022717733468
M17	0.295701902547356
M17	0.1850591443330408
M17	0.18758342916614693
M17	0.2079459250758236
M17	0.169891074929364
M17	0.058725939015357144
M17	0.2586699990332872
M17	0.12079688304890972
M17	0.10040419668708436
M17	0.2649748860190976
M17	0.3013996484971369
M17	0.12766151809184115
M17	0.1661457413701399
M17	0.27976220443927424
M17	0.2366344358181492
M17	0.197922815100509
M17	0.14120595355975912
M17	0.14332058334090853
M17	0.16501802729116327
M17	0.186362130523359
M17	0.2594201756934027
M17	0.25103347965793593
M17	0.22702610530271922
M17	0.14647458413690292
M17	0.3675048875397996
M17	0.17412793344171942
M17	0.16884506047027492
M17	0.2735247369185185
M17	0.1759697363318026
M17	0.26116606024723127
M17	0.29607404834451456
M17	0.2941285103503184
M17	0.14032274755315707
M17	0.24626464530535302
M17	0.14240522286725235
M17	0.21502280657217032
M17	0.2657993775836069
M17	0.24978790669149922
M17	0.12384577987713477
M17	0.2509509912973839
M17	0.34567417386813865
M17	0.17035362866335713
M17	0.11384664436556007
M17	0.18643280927946518
M17	0.1821779753537141
M17	0.10961217205356169
M17	0.3851147191145568
M17	0.3611475545683241
M17	0.2565393635768762
M17	0.19938377744884614
M17	0.23379642289952873
M17	0.1511187603941203
M17	0.3627263251740178
M17	0.1928624005837939
M17	0.25248088170134825
M17	0.2602243539425085
M17	0.24212776298179267
M17	0.23992579494800717
M17	0.19176844996979842
M17	0.3261183110785242
M17	0.2563538005622352
M17	0.24791059991730952
M17	0.23094525802754903
M17	0.17300058236806268
M17	0.2389751271805617
M17	0.268242124895465
M17	0.32621958052827804
M17	0.1904953752388159
M17	0.31698629840679055
M17	0.12439765580726019
M17	0.2180785639546737
M17	0.25433545539968083
M17	0.34008613530706955
M17	0.2129352112646299
M17	0.27098537340762
M17	0.22265118979823934
M17	0.05865656473953744
M17	0.43952390947795317
M17	0.22706834491127878
M17	0.2515541936202441
M17	0.18319433539936508
M17	0.07940742299973617
M17	0.19274081701446663
M17	0.1405683787372987
M17	0.14412718940120206
M17	0.37018250185793106
M17	0.0929461361116386
M17	0.23431423061645307
M17	0.211087527774617
M17	0.21658357042961932
M17	0.3896514803771824
M17	0.3056595952315395
M17	0.22033186734159668
M17	0.31785077096300074
M17	0.1509289206156085
M17	0.15720761770995867
M17	0.2754618274668265
M17	0.07090313872543362
M17	0.24245895625282146
M17	0.1684408793156769
M17	0.1375181456871218
M17	0.31084611552595437
M17	0.19714857971810795
M17	0.19960432524899568
M17	0.23792354847195102
M17	0.2948960113572975
M17	0.22060565777913008
M17	0.21661839223109405
M17	0.1293805426594035
M17	0.33381645915583585
M17	0.20895968269361181
M17	0.2660664954688433
M17	0.21384212024181723
M17	0.2896245873061077
M17	0.28776923696109785
M17	0.1580734491162706
M17	0.26378006178537994
M17	0.2549111304410766
M17	0.22590908458972286
M17	0.20002677765395194
M17	0.12312489717220157
M17	0.27304749144183044
M17	0.1012839157757294
M17	0.15130749185943812
M17	0.2500061217039683
M17	0.18587476018132457
M17	0.27758069616323267
M17	0.2836287034245287
M17	0.19488833535536784
M17	0.2972475060716794
M17	0.33968239660431754
M17	0.24869798186381098
M17	0.24578775169597103
M17	0.20737744357359036
M17	0.2599604856843793
M02	0.2515168446985301
M02	0.13392886557520037
M02	0.2752816362235813
M02	0.06868915713171284
M02	0.20715558128367195
M02	0.15435878358570132
M02	0.21730011057215773
M02	0.12435238328010217
M02	0.19029462448220993
M02	0.18819449203952732
M02	0.20948028260333026
M02	0.17146981271804435
M02	0.18435370802898274
M02	0.12864902265374745
M02	0.15053247116669558
M02	0.25735376667574966
M02	0.10163534016788145
M02	0.15168133413823326
M02	0.3600628799679248
M02	0.2755494468012902
M02	0.18117507512655967
M02	0.28780042888584456
M02	0.28834078003503066
M02	0.21880954574636696
M02	0.2153097784825701
M02	0.19353985517298392
M02	0.16660390687555235
M02	0.2264125727885843
M02	0.2845427880271533
M02	0.2767656511160847
M02	0.20142441876565054
M02	0.2390771921185973
M02	0.15213945937968362
M02	0.20451305090256866
M02	0.2203997408080829
M02	0.3455270946105789
M02	0.17652136042129704
M02	0.2868969407947766
M02	0.22543834517465544
M02	0.23342605186146387
M02	0.24989992545743434
M02	0.258854816102342
M02	0.25223511909620566
M02	0.23398987541738067
M02	0.09852393024681053
M02	0.15618464707659122
M02	0.2883998815252153
M02	0.1531817960791899
M02	0.22820273313334147
M02	0.26377075462147875
M02	0.25463759927824053
M02	0.22551980968913518
M02	0.27807096831141687
M02	0.2690876660952434
M02	0.15800740315275072
M02	0.38533751338708205
M02	0.17943155632695004
M02	0.20363562035527263
M02	0.3040481671175565
M02	0.2132993250652351
M02	0.13005819246402034
M02	0.16064823770028944
M02	0.32975941597424807
M02	0.1820635512640063
M02	0.2520269580254913
M02	0.1202882587743496
M02	0.21972875094487018
M02	0.2277359922822161
M02	0.2298358123603999
M02	0.30698949258617597
M02	0.30606076347401256
M02	0.17308031187740433
M02	0.14476261278045646
M02	0.20128377923749152
M02	0.2942008880332578
M02	0.442536403623263
M02	0.296888917306109
M02	0.2590877932769311
M02	0.23930677410054915
M02	0.26159315411825096
M02	0.18649021278653355
M02	0.2565763785868616
M02	0.21095714824439063
M02	0.19759343103225735
M02	0.10395620203180439
M02	0.24735655309506246
M02	0.07235158221773337
M02	0.117601241035996
M02	0.17981259608837397
M02	0.20499207970072847
M02	0.21803022359789764
M02	0.3466586948450772
M02	0.2702454621927763
M02	0.1405425493123464
M02	0.37232885370929225
M02	0.2459890621802557
M02	0.19576060692514238
M02	0.19679935942563004
M02	0.24926164443392299
M02	0.27645964943239887
M02	0.19594717939699866
M02	0.12220093164302122
M02	0.16406096066321238
M02	0.27588949665594675
M02	0.24984505694492012
M02	0.2793330184936715
M02	0.15075141542570428
M02	0.2489517043230063
M02	0.1687757118729897
M02	0.2901642073325384
M02	0.19760474446880413
M02	0.1470236990977414
M02	0.28691354588939283
M02	0.1648398414592559
M02	0.11904488362883613
M02	0.1973556603656722
M02	0.14555767073390863
M02	0.21211941538626583
M02	0.19346368499233543
M02	0.2243183792303957
M02	0.18505409982556253
M02	0.16305632840996465
M02	0.25889176493680666
M02	0.2068837643357036
M02	0.18496102227106026
M02	0.16230716403062048
M02	0.1975210788680854
M02	0.23087799199300493
M02	0.22556449983695093
M02	0.31832955226879595
M02	0.22677424290927267
M02	0.10663693892453699
M02	0.35386361492274876
M02	0.31401237293451073
M02	0.2959304683836513
M02	0.3320360883175934
M02	0.23011152149441716
M02	0.31835100753424644
M02	0.14102291519057367
M02	0.27004784940496374
M02	0.11845581008220386
M02	0.22474934643609476
M02	0.1922322086793267
M02	0.2719132513167641
M02	0.2637787193942318
M02	0.2580920145668176
M02	0.28676388467135105
M02	0.28955022619341375
M02	0.23340712273600533
M02	0.22273716111678551
M02	0.2850394553712751
M02	0.26762355027029516
M02	0.22814367047869213
M02	0.17222145082154006
M02	0.153942454846661
M02	0.3137045745598693
M02	0.25769959416091653
M02	0.1499435386880509
M02	0.20219074021595548
M02	0.20275931408717662
M02	0.3172423227876074
M02	0.22647274436806578
M02	0.2556702927183032
M02	0.16134595246826963
M02	0.13258613084692988
M02	0.16633821298538082
M02	0.1989285855514792
M02	0.18584256429784007
M02	0.1335237772023902
M02	0.2384270568473001
M02	0.167356111110889
M02	0.22764231812852803
M02	0.2270452903007977
M02	0.13253855837899953
M02	0.26540848248982085
M02	0.4545949022518522
M02	0.3227042221894105
M02	0.20554909641690547
M02	0.2303979698991046
M02	0.13209425980289483
M03	0.16559366168646872
M03	0.1343239851854948
M03	0.2902370494331679
M03	0.15179332909260154
M03	0.24894179633638977
M03	0.29917848060547786
M03	0.20351664211375586
M03	0.17869622891673767
M03	0.20109699020775887
M03	0.10864609482764043
M03	0.2027018459282721
M03	0.2954645635632226
M03	0.3128896777595685
M03	0.25406122529902936
M03	0.17326691186466944
M03	0.38118646520484395
M03	0.2150794610986046
M03	0.35368798525597944
M03	0.23370679417252774
M03	0.35412162995948787
M03	0.1465144873538305
M03	0.11734605683949828
M03	0.23381540113655008
M03	0.29283863511921615
M03	0.12265850557277805
M03	0.3616034242796299
M03	0.21775977966379564
M03	0.24068562594648782
M03	0.38017232777045457
M03	0.1766379121022552
M03	0.20248428587899667
M03	0.4413740235358119
M03	0.2996398709631689
M03	0.08008585977007565
M03	0.36100968945130996
M03	0.39320923634048405
M03	0.17507655185388085
M03	0.3047807535885562
M03	0.12108783116824914
M03	0.2427952208748427
M03	0.3716770082802568
M03	0.1954556630120452
M03	0.4556346538878885
M03	0.2389737025971973
M03	0.2813306404117853
M03	0.36065033174275857
M03	0.30191443477583363
M03	0.09055614263886042
M03	0.23375441431841337
M03	0.1412918235870647
M03	0.26551653038296813
M03	0.15310769201223445
M03	0.13744828437853476
M03	0.3023511005034186
M03	0.23382966433903984
M03	0.3064678448595409
M03	0.1282429014854864
M03	0.08515857592036971
M03	0.4372056824432396
M03	0.3362095554273822
M03	0.28158504060275896
M03	0.29735195258578795
M03	0.20261278763557902
M03	0.10774886966738506
M03	0.26183829455774865
M03	0.23377558329040884
M03	0.3378626904611518
M03	0.22721052131288855
M03	0.2785602559406016
M03	0.19741475569889191
M03	0.14888073418961145
M03	0.342114070238508
M03	0.16880678229811646
M03	0.2280422749324416
M03	0.16625739864160446
M03	0.37243279663933776
M03	0.32030131311215365
M03	0.2642040762298936
M03	0.3246937236567857
M03	0.2779614637176596
M03	0.21546919834912606
M03	0.29689268841100686
M03	0.2769520031555605
M03	0.24547709781562532
M03	0.15850107835143346
M03	0.3478172257298431
M03	0.25307183514740267
M03	0.28294158017587023
M03	0.3190733215930314
M03	0.18840151538687439
M03	0.2681631728544648
M03	0.16056121163921355
M03	0.3842032930666879
M03	0.2656252809789332
M03	0.21573089584220234
M03	0.08173824629403546
M03	0.4803006355921188
M03	0.3383187170400525
M03	0.24252181300826925
M03	0.2303027757768515
M03	0.2942595853371347
M03	0.19768232369759964
M03	0.1407654970650504
M03	0.2303422943782165
M03	0.34081369959386276
M03	0.2611682435838946
M03	0.19523291903172799
M03	0.2999885451725863
M03	0.17175950354048744
M03	0.4857751677384825
M03	0.18021323006781012
M03	0.17266665712596152
M03	0.07238953715607209
M03	0.36590054664216076
M03	0.14513434660471866
M03	0.4057716062167274
M03	0.27566145837806694
M03	0.2583317123782599
M03	0.2259616186676441
M03	0.1868229276393186
M03	0.4587914893618879
M03	0.3026277731371086
M03	0.2330338617495142
M03	0.16778532883871408
M03	0.13174208872153198
M03	0.2589257947132431
M03	0.16024107051750044
M03	0.2706489691658698
M03	0.36560891558757247
M03	0.34657683561619607
M03	0.36928936572693427
M03	0.1688840211847194
M03	0.19285313810998067
M03	0.1379426935485717
M03	0.22809912717122255
M03	0.41672294457860115
M03	0.15838048548174705
M03	0.4890088671287229
M03	0.41212944953613256
M03	0.31431399003554256
M03	0.2613868282736505
M03	0.33993677639133985
M03	0.18447564056138172
M03	0.2778167919188065
M03	0.2193443811205523
M03	0.104427728357096
M03	0.328944320344888
M03	0.25248584289842474
M03	0.2575185653249829
M03	0.11250549470338289
M03	0.4281098891865839
M03	0.2487413473065094
M03	0.23454052648340806
M03	0.23447857567869157
M03	0.3846493792307137
M03	0.4126674223040516
M03	0.27972421033508893
M03	0.1389677321237401
M03	0.14593245792974097
M03	0.36551477544037747
M03	0.4181944994879972
M03	0.25954977640202526
M03	0.3390684006491826
M03	0.22184928991378192
M03	0.274604623045817
M03	0.21862792221426106
M03	0.18702240280125101
M03	0.1480206745020948
M03	0.25055535287333536
M03	0.11756034629979085
M03	0.2957113408042901
M03	0.2068154257279656
M03	0.4020125174568606
M03	0.2760945779822879
M03	0.3413371306667645
M03	0.5029195862527257
M03	0.24314009916094187
M03	0.14166436212814107
M03	0.18265029574294203
M03	0.3614678221897948
M06	0.2093111453444512
M06	0.31463312074660443
M06	0.1291705808386922
M06	0.019650408936089298
M06	0.37463580057415763
M06	0.16086655472249353
M06	0.2652945670415393
M06	0.2927609344723026
M06	0.2948278789773617
M06	0.21241566722501
M06	0.13132230868244568
M06	0.11946435637003587
M06	0.30153205003943073
M06	0.3000908860828793
M06	0.24451756993282273
M06	0.2619081880089779
M06	0.41257668877981946
M06	0.21805900478023213
M06	0.3133871976246586
M06	0.3314062615155601
M06	0.12247145818860107
M06	0.17850821999740554
M06	0.2715783297568245
M06	0.11990369429179168
M06	0.27851117091061794
M06	0.13477655193402205
M06	0.1739594308741567
M06	0.2639157982880143
M06	0.2284261317799739
M06	0.19019915255647815
M06	0.18669729682425268
M06	0.2095159291233378
M06	0.2097166971252056
M06	0.2487756526041039
M06	0.3252067338656519
M06	0.22751957519016397
M06	0.15204910081916612
M06	0.25178628171379625
M06	0.3039088986853654
M06	0.28775417177275203
M06	0.29585725146868
M06	0.3617779857607571
M06	0.4925701631814234
M06	0.3478197865442879
M06	0.2354261445358742
M06	0.3515412575008092
M06	0.3018918099799349
M06	0.19158761500961738
M06	0.16960324269620888
M06	0.3803316417413607
M06	0.21644215022361393
M06	0.2837854297532891
M06	0.149163469779825
M06	0.182804222623958
M06	0.21814001269073305
M06	0.056839543112068576
M06	0.20695002379363342
M06	0.20543580651835733
M06	0.21042922617467813
M06	0.13413175608852929
M06	0.2988357457227624
M06	0.2947522602757608
M06	0.3345087654626568
M06	0.3076248199405635
M06	0.2214168741638287
M06	0.1594592362839348
M06	0.2838403006456297
M06	0.1832011642682642
M06	0.27760501106376173
M06	0.35142048701186823
M06	0.23638828811693274
M06	0.30621402576045326
M06	0.2455109760959114
M06	0.19302202448237293
M06	0.3968542920410566
M06	0.3611751716909567
M06	0.3163443909358588
M06	0.269358894475218
M06	0.3209753493414462
M06	0.27658547698873254
M06	0.18295140474472535
M06	0.27945796624327973
M06	0.18582217007019386
M06	0.17175742972190117
M06	0.17865538535244405
M06	0.12627426071175255
M06	0.2835591751922804
M06	0.26754979132317597
M06	0.3414837391950814
M06	0.310044983043605
M06	0.3164921634872452
M06	0.2581106257087968
M06	0.21580402596801676
M06	0.1937994976906436
M06	0.17708540162123068
M06	0.15877212672730734
M06	0.25784590219752734
M06	0.36745995785603336
M06	0.2618762176216195
M06	0.19274004136230943
M06	0.2772898550257589
M06	0.158077341924837
M06	0.11536970497503984
M06	0.1282423554644034
M06	0.38301227466412585
M06	0.18820381821855084
M06	0.29741973363467344
M06	0.2915735737929917
M06	0.13472676485551613
M06	0.2001569850954064
M06	0.2478469564989597
M06	0.27022187993111574
M06	0.1557461753071148
M06	0.25154897144653604
M06	0.08895688957691289
M06	0.21790542772072982
M06	0.2174386980173088
M06	0.15607390379780112
M06	0.21962037855539743
M06	0.24219053793631853
M06	0.3280349762730536
M06	0.20058839182016516
M06	0.22711542717335803
M06	0.2710860331635092
M06	0.10613833798402479
M06	0.2546959893277445
M06	0.3687178363580374
M06	0.29167703882284
M06	0.37134895420036307
M06	0.24980179136468691
M06	0.3639557840734707
M06	0.10400287524907581
M06	0.3289930873897415
M06	0.19764537510810307
M06	0.3004114959891399
M06	0.11915329176554308
M06	0.27649986432393503
M06	0.38251702756472544
M06	0.27803290277923226
M06	0.148720199888801
M06	0.17093516240675122
M06	0.1428588659065091
M06	0.18356462941184862
M06	0.3378479252140003
M06	0.3171392040005343
M06	0.060203271804694765
M06	0.21440017644657994
M06	0.18519982065916818
M06	0.18853826624118109
M06	0.27121368664572887
M06	0.40407246891041815
M06	0.3118654441102703
M06	0.13397374613277124
M06	0.19636174119667016
M06	0.1089229339307937
M06	0.3165473919871639
M06	0.3039355195932868
M06	0.2908158299805016
M06	0.3387724898106415
M06	0.1312671204602849
M06	0.17762710331207637
M06	0.2452108018879079
M06	0.3353911605689149
M06	0.24835496302189927
M06	0.139842508706943
M06	0.2940631011574549
M06	0.05594358610850256
M06	0.21921450735902945
M06	0.15468412166437576
M06	0.2614967449483742
M06	0.24849517066205898
M06	0.09749386136466832
M06	0.18911464708860504
M06	0.2425798628944794
M06	0.3622231020897076
M06	0.44891206213729856
M06	0.31956263399910184
M06	0.40566926747998755
M06	0.14830623843139032
M06	0.16442710717384024
M05	0.0903986359427209
M05	0.18430775434608235
M05	0.19560575211983122
M05	0.15832073231405047
M05	0.32702547222011163
M05	0.19042143833207528
M05	0.3418645687350776
M05	0.32566124584197054
M05	0.17958321931051913
M05	0.1974599144916198
M05	0.10649682352992484
M05	0.1978490626257825
M05	0.3023973587784288
M05	0.21313487458679664
M05	0.20577766562430172
M05	0.07864866722801318
M05	0.5062524301162686
M05	0.2781029923228672
M05	0.26813096830493066
M05	0.3249147589052824
M05	0.19256249714522147
M05	0.2651824772821114
M05	0.20036680105575647
M05	0.2647077922383354
M05	0.14201121240682027
M05	0.2456942927356352
M05	0.15653984363566706
M05	0.13670442301552888
M05	0.2820929017368992
M05	0.20095055870376863
M05	0.3274452751545537
M05	0.26957626429317816
M05	0.19843821279739876
M05	0.23257046692205452
M05	0.23989964157403768
M05	0.3462577360009703
M05	0.19807037154676044
M05	0.29230782754466217
M05	0.17843834326467867
M05	0.29243332087609
M05	0.21179635300893399
M05	0.31734284077193226
M05	0.3333598410886283
M05	0.21127049593704456
M05	0.18081653069825426
M05	0.2579380863110807
M05	0.15192859480802975
M05	0.17717093229362385
M05	0.14078868926069463
M05	0.3163952064540042
M05	0.1402287543292291
M05	0.2665050145979606
M05	0.2428378440706018
M05	0.24904073847736877
M05	0.16908153497590206
M05	0.3028234710948328
M05	0.19048326499843807
M05	0.19037901023438344
M05	0.3873032463427305
M05	0.15291206036170257
M05	0.18938886719758422
M05	0.11064697081448985
M05	0.24828770448370224
M05	0.294950630689402
M05	0.19907627212144904
M05	0.15791709242393043
M05	0.15985686323431464
M05	0.27176112856715817
M05	0.29793084764167904
M05	0.41976365444682234
M05	0.2805695435721073
M05	0.29001028007803314
M05	0.24838648450496134
M05	0.20560982414536566
M05	0.3007378397930094
M05	0.36041148202853657
M05	0.2729529157837202
M05	0.21041367881847758
M05	0.284912408994471
M05	0.13096154323580195
M05	0.20571932431427675
M05	0.16188448155937413
M05	0.24468468845779956
M05	0.06885742014384894
M05	0.12178566263782457
M05	0.20599595641726917
M05	0.26933476600237743
M05	0.10342316227749945
M05	0.3367929601818914
M05	0.16246051195395464
M05	0.17941408335522452
M05	0.33454055659752585
M05	0.2992739728308433
M05	0.2470924114720798
M05	0.4137086043302768
M05	0.1879201474080117
M05	0.39182142414349325
M05	0.3138274744104738
M05	0.1653398034561493
M05	0.21348389954258168
M05	0.16265865440215813
M05	0.20529020993700245
M05	0.1885564642218362
M05	0.14290697767210486
M05	0.23531689792962948
M05	0.2112491787739303
M05	0.1967276971131468
M05	0.26753616094527666
M05	0.1268906239651527
M05	0.3248984652725028
M05	0.15392221750698812
M05	0.24383640473842577
M05	0.19309427123192352
M05	0.2706425266420966
M05	0.3308546627057405
M05	0.25491356151886163
M05	0.168704811801551
M05	0.20478151473410916
M05	0.2179160780133148
M05	0.14380442992166062
M05	0.2636498961649386
M05	0.2795714756541981
M05	0.3900722210470532
M05	0.3094017557529383
M05	0.10552223859252821
M05	0.23090955960883308
M05	0.030076350673369178
M05	0.17988211055073658
M05	0.36995214863137194
M05	0.17074424439317645
M05	0.1153568969641661
M05	0.16698040789352023
M05	0.28252306533850574
M05	0.21673118985238723
M05	0.1956649051382455
M05	0.11700001307310925
M05	0.29622919084534544
M05	0.21581498776484082
M05	0.40169474173090797
M05	0.12863006881171263
M05	0.20683326944536065
M05	0.3189480563281362
M05	0.19660091565425905
M05	0.3922089078887063
M05	0.2756482661655396
M05	0.17951446427077833
M05	0.17217954127426816
M05	0.2651952327529784
M05	0.1541217360402325
M05	0.17314329579829343
M05	0.21660138248021596
M05	0.23740152771108552
M05	0.18423947280305747
M05	0.20085766539751262
M05	0.34141271147658436
M05	0.1881804101754225
M05	0.31255521331597186
M05	0.23096620403011553
M05	0.13961451920302717
M05	0.11376614998819773
M05	0.3186181351875794
M05	0.217655905269303
M05	0.3084655571984632
M05	0.05438555734253847
M05	0.23325649644535387
M05	0.12205758807639161
M05	0.27375733304258093
M05	0.10725988434455754
M05	0.10463019958983016
M05	0.2566871588382816
M05	0.3021482260969649
M05	0.3161336965998496
M05	0.13393094785263648
M05	0.24213170097447068
M05	0.3884500214567742
M05	0.29811084154455914
M05	0.27264222735328314
M05	0.2608295721644778
M05	0.21503556579434313
M05	0.3425577184242506
M07	0.15912436328051305
M07	0.3003155617080489
M07	0.1955168573569687
M07	0.1548493873439669
M07	0.24499345138610343
M07	0.1325395508337929
M07	0.3714104117266752
M07	0.16842955940350682
M07	0.1449248506491849
M07	0.3314683153713592
M07	0.23753943169743708
M07	0.22449256512324767
M07	0.22687353161069154
M07	0.3232078986028184
M07	0.20082007117911058
M07	0.23661830190384803
M07	0.5443643658656433
M07	0.23441026048160848
M07	0.2020657592421721
M07	0.3261525589289137
M07	0.23484315005195824
M07	0.294916720195176
M07	0.3110229963414912
M07	0.29584223485570044
M07	0.2555845952398809
M07	0.3366502072086488
M07	0.1926328582988077
M07	0.28185674042750947
M07	0.2810149637661007
M07	0.21129932653220948
M07	0.33349884159496823
M07	0.34224128256825
M07	0.2908762857637343
M07	0.20833319518409874
M07	0.114577888937973
M07	0.39232828011824006
M07	0.21167646800826737
M07	0.2774992343054205
M07	0.23810287469490363
M07	0.25732138881308514
M07	0.24725078862406438
M07	0.2620510502567994
M07	0.548880156501468
M07	0.12320424467503548
M07	0.344931857175255
M07	0.23179687074783228
M07	0.31820898117963836
M07	0.16942641189621468
M07	0.21508919453994985
M07	0.24375034574307597
M07	0.25305660482091724
M07	0.24294103589031152
M07	0.0967758307162154
M07	0.35250150461503915
M07	0.3161557570018227
M07	0.30590588686494957
M07	0.21942620264924523
M07	0.27361940123871586
M07	0.330850427581658
M07	0.2797483612644694
M07	0.2754423693764728
M07	0.16470949088738446
M07	0.2474604537729085
M07	0.15324460638506165
M07	0.17961666063520668
M07	0.2896255489165384
M07	0.11804425186738977
M07	0.2867879229981949
M07	0.1266576052059517
M07	0.4929253271018428
M07	0.192364759052669
M07	0.21691610227131863
M07	0.2613820171254132
M07	0.23943304698601983
M07	0.09615991197893745
M07	0.370408788101334
M07	0.29388061473621024
M07	0.13628447192760934
M07	0.28162722373396976
M07	0.15125570664692495
M07	0.17597961434715112
M07	0.1356235338429455
M07	0.20377318803979147
M07	0.2708591042501656
M07	0.2787228516911085
M07	0.13395479713316014
M07	0.13577139433943505
M07	0.20010045439776128
M07	0.3007408108752441
M07	0.2333760448451493
M07	0.07058525951262572
M07	0.42611393225911176
M07	0.18577753724942056
M07	0.2605856862518244
M07	0.25780444253052986
M07	0.28117615969356996
M07	0.4198539919789993
M07	0.35432740737902435
M07	0.22879038537036636
M07	0.0918545697918219
M07	0.3161609179103435
M07	0.21788059431697987
M07	0.1756159212362916
M07	0.14030715679739594
M07	0.4259185171244239
M07	0.1259016632342907
M07	0.21477249936148776
M07	0.2645104206396754
M07	0.23191370373666131
M07	0.4197700077675483
M07	0.25463085139003705
M07	0.16132533233361177
M07	0.13381461159005423
M07	0.13534047564177756
M07	0.29212322917728484
M07	0.3803257418732292
M07	0.17390782806598443
M07	0.2726803376093695
M07	0.23970069749978637
M07	0.3432622448553407
M07	0.4008924765022365
M07	0.14750180196848311
M07	0.3382554571211822
M07	0.24867419199566784
M07	0.2468895285782952
M07	0.18287167113798664
M07	0.3682463499456542
M07	0.2341475116411221
M07	0.19841879225331885
M07	0.2588514555900779
M07	0.28157658443497496
M07	0.0796093307808981
M07	0.2690332636479402
M07	0.3699979202319636
M07	0.22699316569785818
M07	0.4241458916008496
M07	0.2445019033105156
M07	0.3072935459252838
M07	0.1513097224523647
M07	0.28151745595693545
M07	0.23037167530415634
M07	0.17398421104704737
M07	0.08640471178224313
M07	0.21337031416847235
M07	0.2878050329863428
M07	0.3138916799011052
M07	0.4034274992225513
M07	0.3028734685826598
M07	0.20981377062241055
M07	0.24716025206452258
M07	0.19128292136958833
M07	0.34749167578248796
M07	0.13685591094417085
M07	0.07501520677657149
M07	0.18336213524983383
M07	0.10912048607053061
M07	0.22168424497751635
M07	0.21370629700298097
M07	0.15060046672811966
M07	0.18801801634722834
M07	0.3901589203456415
M07	0.10745670416698315
M07	0.21114274576294567
M07	0.14663650200827846
M07	0.19081302224805088
M07	0.3567666937069621
M07	0.18549147323682305
M07	0.20759224613672828
M07	0.22948882547862107
M07	0.16210118507943433
M07	0.09614631825195867
M07	0.24833830885083055
M07	0.23125618433707582
M07	0.2121326135943649
M07	0.17767084564123609
M07	0.3920029909069051
M07	0.2998237983833135
M07	0.303755666548748
M07	0.288358084302307
M07	0.2454574614231108
M10	0.19114101379082019
M10	0.3623415412977692
M10	0.1790734527024595
M10	0.11731077052156351
M10	0.2966831420959621
M10	0.15651407291108224
M10	0.22395080936861878
M10	0.26267670698070966
M10	0.28109920455348153
M10	0.28287270779651047
M10	0.2194500048840759
M10	0.1916170530069875
M10	0.22869468601806822
M10	0.203241476505948
M10	0.17505289821298414
M10	0.3331354582652293
M10	0.37967798820237925
M10	0.21036108870600936
M10	0.44442894496055707
M10	0.3176336502468169
M10	0.2967055480612376
M10	0.10526952279691365
M10	0.2684487850264078
M10	0.17289089478736294
M10	0.20062841995155126
M10	0.13370792448979377
M10	0.2443863101297982
M10	0.2821930214399636
M10	0.3066690253367852
M10	0.3505707827441702
M10	0.153451848261362
M10	0.3279339391840206
M10	0.27577460562539763
M10	0.23404412260247007
M10	0.24778734378746653
M10	0.26363876697577887
M10	0.21018099069540505
M10	0.2797779767577293
M10	0.28414160520599463
M10	0.12103266805458493
M10	0.3256732223254926
M10	0.15856598352242252
M10	0.253912343055816
M10	0.295136240721441
M10	0.1910064131032687
M10	0.25998510471954084
M10	0.24287492980222108
M10	0.11335995904339323
M10	0.16612994957391797
M10	0.16183738223938526
M10	0.14103999069561438
M10	0.2812454595179007
M10	0.23683956090686506
M10	0.08661388706135716
M10	0.15824409605282597
M10	0.271734625616115
M10	0.1847786607771896
M10	0.2565859409462589
M10	0.16804451648917987
M10	0.19422494259882483
M10	0.16709782203398227
M10	0.0814636203127036
M10	0.33393311173189355
M10	0.1471078184680128
M10	0.18970932371752408
M10	0.2647862524281659
M10	0.2957477463288909
M10	0.24340329514286857
M10	0.14766221551630773
M10	0.3976656518022509
M10	0.39511035106997333
M10	0.21791580955411222
M10	0.19995123658549846
M10	0.32093423700886486
M10	0.33553573728990377
M10	0.41007137173477276
M10	0.26464715839119723
M10	0.21366851250237182
M10	0.18479459384539515
M10	0.17146333952355888
M10	0.21982557183981177
M10	0.13163015421508092
M10	0.18920844945575566
M10	0.24653191695851007
M10	0.2181851001856958
M10	0.19169970398725658
M10	0.17565064866999555
M10	0.26835113281776896
M10	0.24005286269407755
M10	0.19557010784398643
M10	0.22311206027599648
M10	0.31045979015977226
M10	0.27356023243549854
M10	0.3366483222492503
M10	0.4521777070932297
M10	0.2488601568387257
M10	0.1825485378536771
M10	0.2824925624488729
M10	0.1240990505740126
M10	0.2475318095717634
M10	0.19958281553227256
M10	0.2183195717142242
M10	0.2176284222429988
M10	0.21692789932932993
M10	0.2564478424133147
M10	0.2013722181640054
M10	0.37686038674089867
M10	0.12567158535716558
M10	0.20847329865536557
M10	0.3747392425720831
M10	0.22501523938592416
M10	0.3215969275721294
M10	0.1654495027408641
M10	0.11592527732132232
M10	0.1987886463751461
M10	0.2264053028714583
M10	0.2783627060546001
M10	0.19049488648371646
M10	0.1873970158098429
M10	0.13722142714872135
M10	0.30548873771862173
M10	0.36710513294582897
M10	0.45211455276533674
M10	0.1736059149513337
M10	0.1481583354563142
M10	0.16742477308135045
M10	0.3662505373332849
M10	0.2293743488483551
M10	0.12990202796292966
M10	0.18647094865515185
M10	0.1893333242968242
M10	0.0947461467228206
M10	0.16930510979314184
M10	0.3393163771205298
M10	0.20745419075846278
M10	0.3350045359645127
M10	0.3624855840441095
M10	0.17782737392873751
M10	0.31304277909914363
M10	0.1839685004798738
M10	0.13930926742998156
M10	0.28447795538377224
M10	0.31021792678307153
M10	0.278940971125616
M10	0.16830241469028667
M10	0.24125936084862704
M10	0.3596018666371923
M10	0.3900010219429976
M10	0.12525455752564654
M10	0.2514097307302187
M10	0.3770114217086333
M10	0.23127182738539342
M10	0.31764545252755483
M10	0.20513560940055123
M10	0.3123871240575765
M10	0.4108079278394662
M10	0.20153401863581244
M10	0.12681812978072846
M10	0.15527065942157153
M10	0.3371933812443937
M10	0.32871598280630404
M10	0.15367575660052005
M10	0.2951968832339148
M10	0.13512414488024319
M10	0.14900227112225808
M10	0.24495100661429098
M10	0.14759392901616172
M10	0.14595224475020505
M10	0.19569733424975566
M10	0.11868644283358604
M10	0.2312347919607902
M10	0.2390662015412685
M10	0.3786368805365476
M10	0.2485354799594114
M10	0.41231065635364805
M10	0.4652297660921212
M10	0.18071138210925075
M10	0.22336429373163288
M10	0.2603794897906231
M10	0.3040884154825486
M16	0.19968668463910125
M16	0.30653286899118254
M16	0.24352003540900477
M16	0.0783629984694286
M16	0.18715004487502074
M16	0.22838014050319952
M16	0.34855912315407506
M16	0.1868995015576056
M16	0.253053617506845
M16	0.19004150521148372
M16	0.20508224057355706
M16	0.14029175076609698
M16	0.2541137419004544
M16	0.15283313684626987
M16	0.17209633846217096
M16	0.2955388605390562
M16	0.14456027832144538
M16	0.20851682860321588
M16	0.3615362913712839
M16	0.21656312811048736
M16	0.29094578084988926
M16	0.2959232797812984
M16	0.24732734173158355
M16	0.2982486898568773
M16	0.22000441150030065
M16	0.30148681200920835
M16	0.13466586371259728
M16	0.16119020386203273
M16	0.1233677820892705
M16	0.3095272374314106
M16	0.15733498224319584
M16	0.20568825905258215
M16	0.23800187337121506
M16	0.17456736378249219
M16	0.17941669721703293
M16	0.37820505239926117
M16	0.19594250787968245
M16	0.34332167037461825
M16	0.13489934140717713
M16	0.16383156007590913
M16	0.11883796807467367
M16	0.307803512926991
M16	0.5720104837486636
M16	0.2851553289196088
M16	0.3074095052483587
M16	0.2622628201285207
M16	0.23704963223656825
M16	0.1606450049043513
M16	0.10494990356667855
M16	0.30911478332104353
M16	0.23667393926801117
M16	0.304191288810052
M16	0.13726884310215565
M16	0.09728789556962213
M16	0.2588335144582878
M16	0.2665374556553085
M16	0.21602479101588784
M16	0.13111935169816924
M16	0.2806782853367986
M16	0.32388340676445126
M16	0.16899013953257336
M16	0.14698518866237256
M16	0.21599634825054456
M16	0.17359756965211606
M16	0.2382144868668426
M16	0.134214178762909
M16	0.19739920086647486
M16	0.2858267124511451
M16	0.2276705226980722
M16	0.3215452723831678
M16	0.22747885073714488
M16	0.23744201751297114
M16	0.16672037531438738
M16	0.23448212016159867
M16	0.2372012964865402
M16	0.4681267551734784
M16	0.21467764713495552
M16	0.26639253832172677
M16	0.2668044915376202
M16	0.09821541333798117
M16	0.16614130269885985
M16	0.25311434237203323
M16	0.2742238648454166
M16	0.22511553966051168
M16	0.23406676090260284
M16	0.2858503737013152
M16	0.217793769261871
M16	0.12159074225102258
M16	0.2598905316543492
M16	0.20413136545457003
M16	0.1634067714482642
M16	0.2008252914967468
M16	0.37146442582543077
M16	0.2873991672459811
M16	0.20233426862928824
M16	0.2106348253801696
M16	0.23105783225578252
M16	0.23603975580885717
M16	0.24392298538354937
M16	0.166873055715867
M16	0.10162382376614773
M16	0.09726582521895567
M16	0.19994068530598064
M16	0.14904725998059662
M16	0.3657833360385994
M16	0.1386497218872164
M16	0.2648451426073643
M16	0.14231134469864362
M16	0.2265114229704599
M16	0.2474364461330971
M16	0.15378398811602476
M16	0.3118822630653066
M16	0.24479466900846716
M16	0.27811127197806323
M16	0.182421244843984
M16	0.29903308786264726
M16	0.31662163227981144
M16	0.24423239652892592
M16	0.19627982419707693
M16	0.19789411919044803
M16	0.1493954100577819
M16	0.28513844202776056
M16	0.32080139190589385
M16	0.11646699931739925
M16	0.1885002191650159
M16	0.1927336928835031
M16	0.25253924682937895
M16	0.2249815140938955
M16	0.21507286436285009
M16	0.12204270713991386
M16	0.24206528115675388
M16	0.1396861210626516
M16	0.3153386298719223
M16	0.33992357594839295
M16	0.25686757705535607
M16	0.27388067532514304
M16	0.18104697279595744
M16	0.4087537370930066
M16	0.2985952037939648
M16	0.18026042859945754
M16	0.13581177170674014
M16	0.18237992235147518
M16	0.23281298015188548
M16	0.3137975028331922
M16	0.2414665091042404
M16	0.2527821657463619
M16	0.26551433018120424
M16	0.3313964689807142
M16	0.2239245335965309
M16	0.2063754914350111
M16	0.38633450092858007
M16	0.16995032762114395
M16	0.1477472995097425
M16	0.1401424692568101
M16	0.33261191584174393
M16	0.2944099667473256
M16	0.31142335938615445
M16	0.18948523676521611
M16	0.20509472773874182
M16	0.3682918689446813
M16	0.19356062702754268
M16	0.25297243600804115
M16	0.2655126040767032
M16	0.15026635012407938
M16	0.11731167396857999
M16	0.2956660720642206
M16	0.21760691246946165
M16	0.1449600665029536
M16	0.17528518128931242
M16	0.19689729826046717
M16	0.2135299359402422
M16	0.21830551172793258
M16	0.34578770302803624
M16	0.24343872128009136
M16	0.1877227101229087
M16	0.39224471706032665
M16	0.21273936281424116
M16	0.2899885008652565
M16	0.15276570407234558
M16	0.1768978603130449
P01	0.18954813449171062
P01	0.22982322098066169
P01	0.2020217370636401
P01	0.17262667682558058
P01	0.3027863559544728
P01	0.1910443034452155
P01	0.24246236884578629
P01	0.1466441608423783
P01	0.14479941944558838
P01	0.12791576740402483
P01	0.20826541966868814
P01	0.15722019416382807
P01	0.25788335526739065
P01	0.13865865532918675
P01	0.22802112222164475
P01	0.24339647295297337
P01	0.36797726339964565
P01	0.2021530267533817
P01	0.33934226168663495
P01	0.10692546489517112
P01	0.19099830181566818
P01	0.13596030842605336
P01	0.244719548377273
P01	0.19237756419686383
P01	0.11682622460464874
P01	0.12420175219485913
P01	0.21495871784286427
P01	0.1269062386577544
P01	0.1521822060651478
P01	0.17985147780189198
P01	0.27171115296797865
P01	0.3027837465812063
P01	0.2492324786881886
P01	0.11963153698132786
P01	0.24915173873043056
P01	0.16847429163431266
P01	0.18955510461425332
P01	0.19845467216893428
P01	0.2760728871632258
P01	0.17792265529794712
P01	0.1511521584097205
P01	0.14056193699124941
P01	0.4296304233804068
P01	0.24393136342588814
P01	0.22576022849065608
P01	0.10632682343780604
P01	0.2842552292247318
P01	0.19178638247207055
P01	0.2882807284942695
P01	0.2114322937183942
P01	0.23193169434239463
P01	0.1444877726058281
P01	0.20054572328649176
P01	0.24724914984811178
P01	0.21591532291183424
P01	0.19723448782776934
P01	0.1421394722487471
P01	0.23450843343055
P01	0.24894319732731807
P01	0.2451983327173021
P01	0.2422682601451815
P01	0.1936707561669127
P01	0.16620817557396644
P01	0.12741756103099902
P01	0.19226722631550056
P01	0.2697314952659276
P01	0.1928167351845413
P01	0.24873328213666215
P01	0.21335913006350546
P01	0.30083608270542894
P01	0.21474572155060628
P01	0.1848179485877358
P01	0.22449994960074732
P01	0.30382394824577
P01	0.2777149933020849
P01	0.1938756219071709
P01	0.2128609967402797
P01	0.2313539233294168
P01	0.2357893074745853
P01	0.25064370527850444
P01	0.22332678793415883
P01	0.1488700334147463
P01	0.2262681672497651
P01	0.1241669705709779
P01	0.17789997571750404
P01	0.261750703486104
P01	0.18101455460073496
P01	0.10959784011004368
P01	0.2015718673912616
P01	0.287037060319445
P01	0.18302372048868512
P01	0.33049959517763344
P01	0.26900605398366234
P01	0.252644119372465
P01	0.18560163611750843
P01	0.10212564718026183
P01	0.38303500584925043
P01	0.21230566040738902
P01	0.12926663893110568
P01	0.10265222218601
P01	0.2098043717402737
P01	0.23039192096233155
P01	0.14923934199517802
P01	0.16654815440152543
P01	0.22862774523421733
P01	0.21674457102129313
P01	0.27964346171359367
P01	0.17742183366182795
P01	0.1816189236916814
P01	0.20767020221002336
P01	0.17131775609335095
P01	0.15341270402402546
P01	0.21665802272997056
P01	0.14919419829842973
P01	0.24105609181519683
P01	0.16746377443622662
P01	0.3667591845399244
P01	0.25749817476026393
P01	0.11248362410175122
P01	0.22477826880234902
P01	0.2566850083537622
P01	0.2884520490323239
P01	0.4175975767012578
P01	0.17768659757397792
P01	0.21124952042230752
P01	0.2694106442034331
P01	0.2935988915604457
P01	0.14883415770153602
P01	0.28356023292547805
P01	0.15257379498060072
P01	0.2908335735726583
P01	0.15706600383028016
P01	0.3510737760806174
P01	0.26883415276385486
P01	0.25098973130332786
P01	0.20706083007229956
P01	0.3232357176153948
P01	0.2895224250508842
P01	0.23897561399492884
P01	0.22989696418242206
P01	0.2985003738882745
P01	0.243518826106997
P01	0.16143956297247603
P01	0.30993247346932534
P01	0.20112347703386116
P01	0.20833281841382195
P01	0.11473614136347829
P01	0.24834057197791035
P01	0.18001529297195795
P01	0.242058060682824
P01	0.2696610416754109
P01	0.24173131153996905
P01	0.19647576131045744
P01	0.19200831781856542
P01	0.3141586108281423
P01	0.3941746341919581
P01	0.2539229138502773
P01	0.1395406419479806
P01	0.19359896788920228
P01	0.3298703278235275
P01	0.21908151349975757
P01	0.13821115776110807
P01	0.18069403207490847
P01	0.09996699403894829
P01	0.16625891701813217
P01	0.08728420462918891
P01	0.1791020974047021
P01	0.14596277039817174
P01	0.16865037527671223
P01	0.1319596635998674
P01	0.1913705021278408
P01	0.10087384260908332
P01	0.3139792357832865
P01	0.2524681832449438
P01	0.19931103805430597
P01	0.4262981934280705
P01	0.20538418644521414
P01	0.2999637651164642
P01	0.2528414899453229
P01	0.3151660024283799
M09	0.17849321139017066
M09	0.2053595890927473
M09	0.20652371154472837
M09	0.09267551566404075
M09	0.3365549116329523
M09	0.29771513091505786
M09	0.18480967950250304
M09	0.30784437943367676
M09	0.1729154580151834
M09	0.18352202613969626
M09	0.006157400809338795
M09	0.2364302976539095
M09	0.1838752999396054
M09	0.18242037064993435
M09	0.2681091070587075
M09	0.3351222301888563
M09	0.3594440047645746
M09	0.2606821091104428
M09	0.28053054478047273
M09	0.20260188855987496
M09	0.13953483446338916
M09	0.10014386088356696
M09	0.11954898669494426
M09	0.2528056653859408
M09	0.12912833695158996
M09	0.26866536234821525
M09	0.23811373004283753
M09	0.27905079635438224
M09	0.2570247588143494
M09	0.2014106495193377
M09	0.21746108161591055
M09	0.3438223723439933
M09	0.19478435718524414
M09	0.1991486242136212
M09	0.10964311059536945
M09	0.22138642547294862
M09	0.13174799440558155
M09	0.33204195663637825
M09	0.2965417728141192
M09	0.2952014931731243
M09	0.2922350935294072
M09	0.25996673344364185
M09	0.1159284775620302
M09	0.3546861591215158
M09	0.3345091409349446
M09	0.27322311061500915
M09	0.14032436050094704
M09	0.09497209853727058
M09	0.17456110041358736
M09	0.2843967348770972
M09	0.0813827678267207
M09	0.14610060196595764
M09	0.31899307199868404
M09	0.3064138263382679
M09	0.1266577585052121
M09	0.14651263376830703
M09	0.2811404334707403
M09	0.16598539182565014
M09	0.15012339139452596
M09	0.30467211835994307
M09	0.1549316791955304
M09	0.14968266280105394
M09	0.2709018941746113
M09	0.18550654005576464
M09	0.1933452732093568
M09	0.2326369178402478
M09	0.2170201560518189
M09	0.2133254041416752
M09	0.21757413517660515
M09	0.4270601362377729
M09	0.26719238853383037
M09	0.21711876853022805
M09	0.23568007235963473
M09	0.2555331235692009
M09	0.3366762268879966
M09	0.2648885859814901
M09	0.22210627155620655
M09	0.2178266758247289
M09	0.2531545483391735
M09	0.11037458311381115
M09	0.2562696751482552
M09	0.26725035881643694
M09	0.08060968501385976
M09	0.08360844932884914
M09	0.1279597720390687
M09	0.3011372052154329
M09	0.1562277141800891
M09	0.2139616403582736
M09	0.18474567624683996
M09	0.21232975518419853
M09	0.30381123865166737
M09	0.3623561386035276
M09	0.3727333359358361
M09	0.2640186244249097
M09	0.1081713045126692
M09	0.2085923100147303
M09	0.37142967547105415
M09	0.3104982715894569
M09	0.14392172305931272
M09	0.1835365295902619
M09	0.12446183588319552
M09	0.23936450145480223
M09	0.15814091338091488
M09	0.21265619752151352
M09	0.2761645745662351
M09	0.20321471125314472
M09	0.30223212405615035
M09	0.08287114791401796
M09	0.06527764457589481
M09	0.3945381695005499
M09	0.1913732600076525
M09	0.17577439000578007
M09	0.15831942829768275
M09	0.21188841638339065
M09	0.23273619511000393
M09	0.2913114810520981
M09	0.15271959223083656
M09	0.15856150493966062
M09	0.1412964688353006
M09	0.17461393294860572
M09	0.14196310007687066
M09	0.29439947605112105
M09	0.35175877796608207
M09	0.2783543433907042
M09	0.2824276670697463
M09	0.2555378987195695
M09	0.15862688812947973
M09	0.13256923459806808
M09	0.17458568795584953
M09	0.28374873844570064
M09	0.28365287907572156
M09	0.15782026964436893
M09	0.39383750755791386
M09	0.20068080618587955
M09	0.2505652331108462
M09	0.28249249433126306
M09	0.24626715250961856
M09	0.25649322165806004
M09	0.2699841205725952
M09	0.2145210116423807
M09	0.24508884996269964
M09	0.27002144022311075
M09	0.22842004765302873
M09	0.289755887152534
M09	0.09334923654700157
M09	0.25992644179009716
M09	0.3260608280889307
M09	0.22569849389102145
M09	0.16302004244491525
M09	0.21328087157589665
M09	0.1423661189773022
M09	0.1929348257771534
M09	0.25711289887451566
M09	0.18344880346526196
M09	0.3739686740626799
M09	0.42082091777549435
M09	0.18573188044461844
M09	0.24823359405411557
M09	0.21450410419091037
M09	0.2655333264971706
M09	0.1788772703666673
M09	0.22236136786053906
M09	0.18564827475216644
M09	0.17814061353355798
M09	0.20525012970703466
M09	0.15303553210862128
M09	0.17375763226818405
M09	0.1738302820224564
M09	0.232635834121221
M09	0.1933801346106742
M09	0.08318225803932917
M09	0.23397819306799542
M09	0.3343355347160099
M09	0.13448789669018582
M09	0.1669565813319526
M09	0.38659101189264694
M09	0.169232973904028
M09	0.2245272428478946
M09	0.24160388707475577
M09	0.27914939928105553
M01	0.11471442767365345
M01	0.2067703970716361
M01	0.3351561322556325
M01	0.12924864868320213
M01	0.28406805316974537
M01	0.040022520268096655
M01	0.24842719139829944
M01	0.33467875618447684
M01	0.28768723899956505
M01	0.32859280365763166
M01	0.2011821351503914
M01	0.10153282658592198
M01	0.24470943958633137
M01	0.23042434588216745
M01	0.17829879044998956
M01	0.3446408830629524
M01	0.4152657723615235
M01	0.2732517218614615
M01	0.4029179870933187
M01	0.2965215131727211
M01	0.2441685334163592
M01	0.2854898831288572
M01	0.24670890017340896
M01	0.18305133966297282
M01	0.26423664873507186
M01	0.09727959061754014
M01	0.10337284585533528
M01	0.2030325526568517
M01	0.41274512393572854
M01	0.31173408293980115
M01	0.27265349070228434
M01	0.3643014873830706
M01	0.22428358978108032
M01	0.2631595719243453
M01	0.13302252797902975
M01	0.29136375751979354
M01	0.28301591362942163
M01	0.3831854098260667
M01	0.16965229505565213
M01	0.20727233860137462
M01	0.32909939104981245
M01	0.23992095764369648
M01	0.5694212891959454
M01	0.12615024730960278
M01	0.3509075006768256
M01	0.3184246877945697
M01	0.2801611178954593
M01	0.19850184923828657
M01	0.2593567674780984
M01	0.2849058938354072
M01	0.1552173775572868
M01	0.20929292399721036
M01	0.19463135536564602
M01	0.26875256012741244
M01	0.2071412371071825
M01	0.36820113763645934
M01	0.17516266537591638
M01	0.20813103120926593
M01	0.36050524690933206
M01	0.2236705936169546
M01	0.32794413153463786
M01	0.10351382063960292
M01	0.25283408098149535
M01	0.1995617845822515
M01	0.07319437568477596
M01	0.21110384130754828
M01	0.08927366931528427
M01	0.14875512231229576
M01	0.1937938742358672
M01	0.33319072865984983
M01	0.28421459556927914
M01	0.1632427382466282
M01	0.16117479890670144
M01	0.15447828081265122
M01	0.32821898697813234
M01	0.42192344043758717
M01	0.32613109764331655
M01	0.17711441373348058
M01	0.35021585732246663
M01	0.15815535723165816
M01	0.23100335714128953
M01	0.12581443175543863
M01	0.2758464455904516
M01	0.1334719386999288
M01	0.24801459541515514
M01	0.2578049671272867
M01	0.311248424368666
M01	0.186392425080514
M01	0.2927090540350291
M01	0.2108554030189936
M01	0.1533431916832625
M01	0.22393936666207848
M01	0.3900900998589438
M01	0.1970338933669767
M01	0.47656714747222756
M01	0.09472187808480173
M01	0.24894202854841094
M01	0.2523572698311993
M01	0.08036949777667757
M01	0.31713467869430756
M01	0.1566754217000205
M01	0.21012161945541225
M01	0.14584412027111704
M01	0.2431421349439564
M01	0.4316381226630973
M01	0.17133566408232356
M01	0.1521451108817043
M01	0.29249945879823097
M01	0.18986852758378103
M01	0.4064074232966488
M01	0.1883677266290722
M01	0.282112035928449
M01	0.12345256181637576
M01	0.166488960434148
M01	0.14639057541201372
M01	0.31308635323897743
M01	0.2780226688356189
M01	0.3349233882643851
M01	0.22118859608536162
M01	0.24920237803985767
M01	0.2565355930105207
M01	0.41019015330041186
M01	0.2430666168097075
M01	0.27156497952059316
M01	0.25506155323515944
M01	0.2213969907042674
M01	0.2797695631881497
M01	0.1639573578376584
M01	0.240631488381306
M01	0.22680769997918393
M01	0.3039123440174279
M01	0.16959332624814097
M01	0.38008839791604565
M01	0.37227624485627736
M01	0.3158960324409252
M01	0.259119187363866
M01	0.32316748094946685
M01	0.2932683731872161
M01	0.38151579269783376
M01	0.30720805037150584
M01	0.18235765541316762
M01	0.34754588579084056
M01	0.16168757076611856
M01	0.23793713932326127
M01	0.22376304509276512
M01	0.12325723333272257
M01	0.3722844483809014
M01	0.30638482927103566
M01	0.2428330994382363
M01	0.24973939022538227
M01	0.3798974854681284
M01	0.2024841292998493
M01	0.19449450227214576
M01	0.19261899769478125
M01	0.22304257999491545
M01	0.16769168847070623
M01	0.18727292969676984
M01	0.21931514052388354
M01	0.2087549393658803
M01	0.25231126691070244
M01	0.31374411488176424
M01	0.17693167191388723
M01	0.23339940708094373
M01	0.15527087091472636
M01	0.15779098564861455
M01	0.36026239099012086
M01	0.11352146298689375
M01	0.24171227034684106
M01	0.27378012955740694
M01	0.2586419826490164
M01	0.1261203157039444
M01	0.24265344231108021
M01	0.28441965223534216
M01	0.24533823870513877
M01	0.3502941592916762
M01	0.3676539483649537
M01	0.2839865415213003
M01	0.35884008463868394
M01	0.13449957998134887
M01	0.20417656386375754
M08	0.139362383094205
M08	0.19884334305560844
M08	0.3647092686124795
M08	0.05674333196195396
M08	0.3698223052614406
M08	0.29466260092163815
M08	0.3988855182437864
M08	0.34779798033876025
M08	0.2303355297407281
M08	0.2643517156467664
M08	0.16118897722083256
M08	0.2774449089989418
M08	0.3085021840509739
M08	0.0838520351614055
M08	0.20170010968741675
M08	0.20691056323659016
M08	0.4573019917262763
M08	0.3082550288501705
M08	0.4575410376592465
M08	0.2733347996850801
M08	0.24298584082819516
M08	0.35701159891432466
M08	0.29424523947006415
M08	0.36663927943703944
M08	0.08868494439839035
M08	0.17895212401388016
M08	0.14314538938019516
M08	0.13936607326334496
M08	0.19605127459246763
M08	0.37852177218131144
M08	0.3039333757581647
M08	0.24330588014291474
M08	0.27057034384957046
M08	0.12864844208366613
M08	0.3131846553377749
M08	0.39783064481385516
M08	0.18918704812753379
M08	0.3366885771944665
M08	0.20163856702032734
M08	0.2849521297332769
M08	0.25584748591884043
M08	0.42948929469993957
M08	0.5609004674845929
M08	0.29340113114188393
M08	0.2208954906097575
M08	0.1299758116906564
M08	0.3008231671657961
M08	0.1973479966428075
M08	0.1385320463053753
M08	0.4221234178149376
M08	0.18294449605546126
M08	0.32320144427949843
M08	0.30740552677485145
M08	0.33241581634218575
M08	0.04327637077381331
M08	0.197407337961745
M08	0.3077485359435758
M08	0.0776869008481891
M08	0.42897572546126206
M08	0.1949632989136331
M08	0.2708469009461372
M08	0.1634699480605952
M08	0.3760225669693634
M08	0.15307012512926768
M08	0.26960184695545214
M08	0.3181395057016202
M08	0.18167047783227155
M08	0.151136541056705
M08	0.10727431768307728
M08	0.43113888258181676
M08	0.36674548368007265
M08	0.20250926474674147
M08	0.2337512051227507
M08	0.30767213373055396
M08	0.32448541967363753
M08	0.2879714746226774
M08	0.3852741579092654
M08	0.25734187745717024
M08	0.3836932495313783
M08	0.1555840617913649
M08	0.22685355135747048
M08	0.17287332491920948
M08	0.13818577240760177
M08	0.23864547368081904
M08	0.10424155050363385
M08	0.36654098395291956
M08	0.2792494897330368
M08	0.2705332182824922
M08	0.3037064397117072
M08	0.34254716476328895
M08	0.27522481269678506
M08	0.43178170182583153
M08	0.2773061157984804
M08	0.1921308566218545
M08	0.46684441488663564
M08	0.11202726251678917
M08	0.44235087686979846
M08	0.26111867265115635
M08	0.2983692615914076
M08	0.11737284705336112
M08	0.10562591479512251
M08	0.12595104808990307
M08	0.08283429700397522
M08	0.136321824786021
M08	0.3620766119342333
M08	0.1343811337629712
M08	0.29080111796497315
M08	0.1939809808830645
M08	0.2120326284504096
M08	0.43954761445503737
M08	0.29051259123649414
M08	0.1841334738730038
M08	0.20596625110552874
M08	0.3308435069778546
M08	0.11034586961010186
M08	0.19677264885418433
M08	0.25187540018667826
M08	0.33035472356799644
M08	0.1368637166026408
M08	0.27930066338248244
M08	0.4318339796504217
M08	0.27851417819064067
M08	0.3265661547475826
M08	0.2615805898571083
M08	0.23345087599403266
M08	0.20303662475920697
M08	0.18706746473246505
M08	0.28409015725483955
M08	0.38159870952540575
M08	0.22292487589925045
M08	0.20974531381892383
M08	0.19953129588844284
M08	0.12740978452004695
M08	0.2700227602863304
M08	0.12340504146339537
M08	0.23975208336533838
M08	0.20066523926107846
M08	0.48444602605234466
M08	0.4677615109833201
M08	0.16209468305697713
M08	0.15701272814936382
M08	0.2802161308137892
M08	0.3356729031149013
M08	0.1686419336962145
M08	0.16581466373594123
M08	0.19519048344380352
M08	0.1750945830238784
M08	0.36832642941762284
M08	0.17530688097535824
M08	0.30608811474194886
M08	0.08177878183812137
M08	0.20451955763182517
M08	0.28070051241642824
M08	0.14039052436918514
M08	0.19496880795833693
M08	0.1937614541825859
M08	0.35466641798739756
M08	0.2750441575576947
M08	0.3042551212460168
M08	0.10059496187778788
M08	0.3412494631606242
M08	0.1590012334955467
M08	0.2307244907728155
M08	0.28040377647197334
M08	0.23523496464588148
M08	0.3661403128584089
M08	0.22119668404726883
M08	0.0695733487391954
M08	0.12814643768712103
M08	0.2778961521967172
M08	0.31239819883292
M08	0.3387834841775264
M08	0.12251259700892937
M08	0.27758399341454293
M08	0.21857856130889916
M08	0.39556266040333055
M08	0.08553828279827475
M08	0.24943939176864785
M08	0.25248568111423003
M08	0.24072807052407666
M13	0.18716452144889867
M13	0.21420783797162793
M13	0.329885390874135
M13	0.10001630394967502
M13	0.26663031741750143
M13	0.20818974934845572
M13	0.1876054874402924
M13	0.31417389152050873
M13	0.2953776560378217
M13	0.27520755095501453
M13	0.11801265160946073
M13	0.3022004230537978
M13	0.2492787198684618
M13	0.294413714212779
M13	0.1647466695229261
M13	0.16721064399274743
M13	0.23774105706261253
M13	0.28663293926965827
M13	0.24372713683524297
M13	0.29553886023126313
M13	0.26460506266635514
M13	0.26981214765601136
M13	0.25409375286082514
M13	0.24323629136465996
M13	0.2665602670114481
M13	0.34258909296429135
M13	0.28505906161132194
M13	0.2409244099507468
M13	0.30276442710865786
M13	0.2746114851342279
M13	0.30855634488904154
M13	0.2253404621159945
M13	0.276000652834754
M13	0.13236420124992562
M13	0.23513844542047146
M13	0.18424105450935632
M13	0.15170314242818198
M13	0.2275233209213358
M13	0.14508274808821223
M13	0.3351969390060197
M13	0.21278049068544105
M13	0.3659377396417213
M13	0.17063314800915055
M13	0.3122037377215521
M13	0.1258127211942734
M13	0.2818444501195836
M13	0.21453912747343926
M13	0.19809641354258078
M13	0.1864308541826153
M13	0.3756353466522784
M13	0.22151020703036223
M13	0.17871889215928718
M13	0.2028039206284377
M13	0.051503173565771096
M13	0.2880822607542726
M13	0.17456715674597073
M13	0.2585410480910895
M13	0.12950686336037168
M13	0.16200547154628903
M13	0.19606230476134845
M13	0.24354447207949179
M13	0.2198843409486218
M13	0.3174993047215005
M13	0.30531259257548254
M13	0.1937320171224574
M13	0.06556127489363663
M13	0.16009493386432824
M13	0.25425831988166686
M13	0.1576494171369434
M13	0.3983064488730841
M13	0.2705190164604656
M13	0.27697117198932414
M13	0.204531976613201
M13	0.29720691731294285
M13	0.241004009106796
M13	0.1535287934774979
M13	0.21402655905618806
M13	0.2798991742691761
M13	0.21578308445776262
M13	0.17653056315935298
M13	0.255622962842386
M13	0.21575678465681253
M13	0.2834791687810271
M13	0.1065158501505491
M13	0.18968839337099497
M13	0.34001764135633467
M13	0.20255084584542546
M13	0.14971685121792375
M13	0.2857547345827503
M13	0.26547004565442195
M13	0.08977331021862782
M13	0.22895555488662167
M13	0.2377334190219246
M13	0.3230792915887557
M13	0.3848940320841032
M13	0.19137575457635717
M13	0.4105470624004252
M13	0.2805900504870908
M13	0.1898058157351486
M13	0.24687774981643612
M13	0.253128446316827
M13	0.297827337481519
M13	0.17904334240520595
M13	0.16609379600951174
M13	0.29210233440205174
M13	0.11912777268014806
M13	0.13382145131387774
M13	0.20522314522812257
M13	0.21389839351982318
M13	0.36748191451953593
M13	0.28361925521614884
M13	0.25972522220412714
M13	0.13329082976480394
M13	0.15987751295502178
M13	0.28729501927351314
M13	0.26789555389029956
M13	0.20211163192747966
M13	0.2857128343140601
M13	0.12245568022154588
M13	0.1579770550222211
M13	0.3666961804357026
M13	0.1943692757074751
M13	0.20906111842322395
M13	0.26507120675902196
M13	0.2974701995096349
M13	0.25878966895470806
M13	0.30190643176972753
M13	0.2795977554444838
M13	0.14311315029279337
M13	0.15605351497644565
M13	0.2814174783551041
M13	0.14222968151260992
M13	0.29850117412325977
M13	0.3998147323153626
M13	0.21633819172498428
M13	0.3367653069284291
M13	0.2709927098181026
M13	0.1748392403352964
M13	0.23459658958864366
M13	0.07858478917158132
M13	0.12035196224262255
M13	0.2975021871630305
M13	0.1999303319972592
M13	0.12805170332317772
M13	0.28863024585957525
M13	0.269945780596242
M13	0.25128484575627447
M13	0.3142453420253039
M13	0.23159593303363987
M13	0.1985298178245355
M13	0.26108441897225726
M13	0.2939636848474513
M13	0.2964870640106861
M13	0.13629434450963032
M13	0.341764001482624
M13	0.245969352467848
M13	0.183196717015614
M13	0.29658370751246993
M13	0.09801171414744322
M13	0.33435164516164767
M13	0.3544851018506317
M13	0.2628381635874926
M13	0.12052296396047946
M13	0.1691140242915055
M13	0.2542678343694048
M13	0.23879563170892118
M13	0.1962404222691197
M13	0.16871160091415127
M13	0.23258076854760099
M13	0.14447515152177803
M13	0.2190011630458453
M13	0.20592731000481806
M13	0.20197030547791708
M13	0.30921108541986303
M13	0.2824645585771863
M13	0.41851425408636145
M13	0.2904482942505831
M13	0.3033797399208293
M13	0.27560812452386635
M13	0.3505885616373527
